processed_words,model_name,retry_count,turn_count,success_failure
regur,/mnt/ssd2/shreyansh/models/qwen3/exp_2025-08-08T00:53:20_qwen3_4b_fsdp_packing=ffd_flash_attn_fsdp2_torch_compile_dcp_kimi_k2_v2_sft/epoch_5/step_final,0,6,FAIL
inerm,/mnt/ssd2/shreyansh/models/qwen3/exp_2025-08-08T00:53:20_qwen3_4b_fsdp_packing=ffd_flash_attn_fsdp2_torch_compile_dcp_kimi_k2_v2_sft/epoch_5/step_final,6,6,FAIL
lunet,/mnt/ssd2/shreyansh/models/qwen3/exp_2025-08-08T00:53:20_qwen3_4b_fsdp_packing=ffd_flash_attn_fsdp2_torch_compile_dcp_kimi_k2_v2_sft/epoch_5/step_final,3,6,FAIL
gonks,/mnt/ssd2/shreyansh/models/qwen3/exp_2025-08-08T00:53:20_qwen3_4b_fsdp_packing=ffd_flash_attn_fsdp2_torch_compile_dcp_kimi_k2_v2_sft/epoch_5/step_final,2,3,SUCCESS
porky,/mnt/ssd2/shreyansh/models/qwen3/exp_2025-08-08T00:53:20_qwen3_4b_fsdp_packing=ffd_flash_attn_fsdp2_torch_compile_dcp_kimi_k2_v2_sft/epoch_5/step_final,0,5,SUCCESS
dicto,/mnt/ssd2/shreyansh/models/qwen3/exp_2025-08-08T00:53:20_qwen3_4b_fsdp_packing=ffd_flash_attn_fsdp2_torch_compile_dcp_kimi_k2_v2_sft/epoch_5/step_final,1,6,FAIL
temse,/mnt/ssd2/shreyansh/models/qwen3/exp_2025-08-08T00:53:20_qwen3_4b_fsdp_packing=ffd_flash_attn_fsdp2_torch_compile_dcp_kimi_k2_v2_sft/epoch_5/step_final,7,6,FAIL
tipup,/mnt/ssd2/shreyansh/models/qwen3/exp_2025-08-08T00:53:20_qwen3_4b_fsdp_packing=ffd_flash_attn_fsdp2_torch_compile_dcp_kimi_k2_v2_sft/epoch_5/step_final,5,6,FAIL
firry,/mnt/ssd2/shreyansh/models/qwen3/exp_2025-08-08T00:53:20_qwen3_4b_fsdp_packing=ffd_flash_attn_fsdp2_torch_compile_dcp_kimi_k2_v2_sft/epoch_5/step_final,3,6,FAIL
cured,/mnt/ssd2/shreyansh/models/qwen3/exp_2025-08-08T00:53:20_qwen3_4b_fsdp_packing=ffd_flash_attn_fsdp2_torch_compile_dcp_kimi_k2_v2_sft/epoch_5/step_final,3,6,SUCCESS
grith,/mnt/ssd2/shreyansh/models/qwen3/exp_2025-08-08T00:53:20_qwen3_4b_fsdp_packing=ffd_flash_attn_fsdp2_torch_compile_dcp_kimi_k2_v2_sft/epoch_5/step_final,0,4,SUCCESS
nills,/mnt/ssd2/shreyansh/models/qwen3/exp_2025-08-08T00:53:20_qwen3_4b_fsdp_packing=ffd_flash_attn_fsdp2_torch_compile_dcp_kimi_k2_v2_sft/epoch_5/step_final,6,5,SUCCESS
apsos,/mnt/ssd2/shreyansh/models/qwen3/exp_2025-08-08T00:53:20_qwen3_4b_fsdp_packing=ffd_flash_attn_fsdp2_torch_compile_dcp_kimi_k2_v2_sft/epoch_5/step_final,6,6,FAIL
henny,/mnt/ssd2/shreyansh/models/qwen3/exp_2025-08-08T00:53:20_qwen3_4b_fsdp_packing=ffd_flash_attn_fsdp2_torch_compile_dcp_kimi_k2_v2_sft/epoch_5/step_final,0,6,FAIL
lipos,/mnt/ssd2/shreyansh/models/qwen3/exp_2025-08-08T00:53:20_qwen3_4b_fsdp_packing=ffd_flash_attn_fsdp2_torch_compile_dcp_kimi_k2_v2_sft/epoch_5/step_final,7,6,FAIL
jhala,/mnt/ssd2/shreyansh/models/qwen3/exp_2025-08-08T00:53:20_qwen3_4b_fsdp_packing=ffd_flash_attn_fsdp2_torch_compile_dcp_kimi_k2_v2_sft/epoch_5/step_final,7,6,FAIL
tarty,/mnt/ssd2/shreyansh/models/qwen3/exp_2025-08-08T00:53:20_qwen3_4b_fsdp_packing=ffd_flash_attn_fsdp2_torch_compile_dcp_kimi_k2_v2_sft/epoch_5/step_final,0,6,FAIL
lapis,/mnt/ssd2/shreyansh/models/qwen3/exp_2025-08-08T00:53:20_qwen3_4b_fsdp_packing=ffd_flash_attn_fsdp2_torch_compile_dcp_kimi_k2_v2_sft/epoch_5/step_final,0,4,SUCCESS
rangi,/mnt/ssd2/shreyansh/models/qwen3/exp_2025-08-08T00:53:20_qwen3_4b_fsdp_packing=ffd_flash_attn_fsdp2_torch_compile_dcp_kimi_k2_v2_sft/epoch_5/step_final,0,5,SUCCESS
geats,/mnt/ssd2/shreyansh/models/qwen3/exp_2025-08-08T00:53:20_qwen3_4b_fsdp_packing=ffd_flash_attn_fsdp2_torch_compile_dcp_kimi_k2_v2_sft/epoch_5/step_final,0,6,FAIL
scoup,/mnt/ssd2/shreyansh/models/qwen3/exp_2025-08-08T00:53:20_qwen3_4b_fsdp_packing=ffd_flash_attn_fsdp2_torch_compile_dcp_kimi_k2_v2_sft/epoch_5/step_final,0,6,FAIL
retia,/mnt/ssd2/shreyansh/models/qwen3/exp_2025-08-08T00:53:20_qwen3_4b_fsdp_packing=ffd_flash_attn_fsdp2_torch_compile_dcp_kimi_k2_v2_sft/epoch_5/step_final,0,4,SUCCESS
grens,/mnt/ssd2/shreyansh/models/qwen3/exp_2025-08-08T00:53:20_qwen3_4b_fsdp_packing=ffd_flash_attn_fsdp2_torch_compile_dcp_kimi_k2_v2_sft/epoch_5/step_final,1,6,FAIL
easle,/mnt/ssd2/shreyansh/models/qwen3/exp_2025-08-08T00:53:20_qwen3_4b_fsdp_packing=ffd_flash_attn_fsdp2_torch_compile_dcp_kimi_k2_v2_sft/epoch_5/step_final,5,6,FAIL
noois,/mnt/ssd2/shreyansh/models/qwen3/exp_2025-08-08T00:53:20_qwen3_4b_fsdp_packing=ffd_flash_attn_fsdp2_torch_compile_dcp_kimi_k2_v2_sft/epoch_5/step_final,9,6,FAIL
kuias,/mnt/ssd2/shreyansh/models/qwen3/exp_2025-08-08T00:53:20_qwen3_4b_fsdp_packing=ffd_flash_attn_fsdp2_torch_compile_dcp_kimi_k2_v2_sft/epoch_5/step_final,1,6,FAIL
tiars,/mnt/ssd2/shreyansh/models/qwen3/exp_2025-08-08T00:53:20_qwen3_4b_fsdp_packing=ffd_flash_attn_fsdp2_torch_compile_dcp_kimi_k2_v2_sft/epoch_5/step_final,1,6,FAIL
heaps,/mnt/ssd2/shreyansh/models/qwen3/exp_2025-08-08T00:53:20_qwen3_4b_fsdp_packing=ffd_flash_attn_fsdp2_torch_compile_dcp_kimi_k2_v2_sft/epoch_5/step_final,0,6,FAIL
atoks,/mnt/ssd2/shreyansh/models/qwen3/exp_2025-08-08T00:53:20_qwen3_4b_fsdp_packing=ffd_flash_attn_fsdp2_torch_compile_dcp_kimi_k2_v2_sft/epoch_5/step_final,4,6,FAIL
caver,/mnt/ssd2/shreyansh/models/qwen3/exp_2025-08-08T00:53:20_qwen3_4b_fsdp_packing=ffd_flash_attn_fsdp2_torch_compile_dcp_kimi_k2_v2_sft/epoch_5/step_final,0,6,FAIL
yayas,/mnt/ssd2/shreyansh/models/qwen3/exp_2025-08-08T00:53:20_qwen3_4b_fsdp_packing=ffd_flash_attn_fsdp2_torch_compile_dcp_kimi_k2_v2_sft/epoch_5/step_final,2,6,FAIL
mhorr,/mnt/ssd2/shreyansh/models/qwen3/exp_2025-08-08T00:53:20_qwen3_4b_fsdp_packing=ffd_flash_attn_fsdp2_torch_compile_dcp_kimi_k2_v2_sft/epoch_5/step_final,7,6,FAIL
notum,/mnt/ssd2/shreyansh/models/qwen3/exp_2025-08-08T00:53:20_qwen3_4b_fsdp_packing=ffd_flash_attn_fsdp2_torch_compile_dcp_kimi_k2_v2_sft/epoch_5/step_final,0,6,SUCCESS
riqqs,/mnt/ssd2/shreyansh/models/qwen3/exp_2025-08-08T00:53:20_qwen3_4b_fsdp_packing=ffd_flash_attn_fsdp2_torch_compile_dcp_kimi_k2_v2_sft/epoch_5/step_final,2,6,FAIL
binit,/mnt/ssd2/shreyansh/models/qwen3/exp_2025-08-08T00:53:20_qwen3_4b_fsdp_packing=ffd_flash_attn_fsdp2_torch_compile_dcp_kimi_k2_v2_sft/epoch_5/step_final,2,6,FAIL
raggs,/mnt/ssd2/shreyansh/models/qwen3/exp_2025-08-08T00:53:20_qwen3_4b_fsdp_packing=ffd_flash_attn_fsdp2_torch_compile_dcp_kimi_k2_v2_sft/epoch_5/step_final,2,6,SUCCESS
rayed,/mnt/ssd2/shreyansh/models/qwen3/exp_2025-08-08T00:53:20_qwen3_4b_fsdp_packing=ffd_flash_attn_fsdp2_torch_compile_dcp_kimi_k2_v2_sft/epoch_5/step_final,0,6,FAIL
urdee,/mnt/ssd2/shreyansh/models/qwen3/exp_2025-08-08T00:53:20_qwen3_4b_fsdp_packing=ffd_flash_attn_fsdp2_torch_compile_dcp_kimi_k2_v2_sft/epoch_5/step_final,5,6,FAIL
hatty,/mnt/ssd2/shreyansh/models/qwen3/exp_2025-08-08T00:53:20_qwen3_4b_fsdp_packing=ffd_flash_attn_fsdp2_torch_compile_dcp_kimi_k2_v2_sft/epoch_5/step_final,0,6,SUCCESS
stoep,/mnt/ssd2/shreyansh/models/qwen3/exp_2025-08-08T00:53:20_qwen3_4b_fsdp_packing=ffd_flash_attn_fsdp2_torch_compile_dcp_kimi_k2_v2_sft/epoch_5/step_final,1,6,FAIL
debes,/mnt/ssd2/shreyansh/models/qwen3/exp_2025-08-08T00:53:20_qwen3_4b_fsdp_packing=ffd_flash_attn_fsdp2_torch_compile_dcp_kimi_k2_v2_sft/epoch_5/step_final,1,6,FAIL
linds,/mnt/ssd2/shreyansh/models/qwen3/exp_2025-08-08T00:53:20_qwen3_4b_fsdp_packing=ffd_flash_attn_fsdp2_torch_compile_dcp_kimi_k2_v2_sft/epoch_5/step_final,2,6,FAIL
teils,/mnt/ssd2/shreyansh/models/qwen3/exp_2025-08-08T00:53:20_qwen3_4b_fsdp_packing=ffd_flash_attn_fsdp2_torch_compile_dcp_kimi_k2_v2_sft/epoch_5/step_final,3,6,FAIL
ginzo,/mnt/ssd2/shreyansh/models/qwen3/exp_2025-08-08T00:53:20_qwen3_4b_fsdp_packing=ffd_flash_attn_fsdp2_torch_compile_dcp_kimi_k2_v2_sft/epoch_5/step_final,1,6,FAIL
entre,/mnt/ssd2/shreyansh/models/qwen3/exp_2025-08-08T00:53:20_qwen3_4b_fsdp_packing=ffd_flash_attn_fsdp2_torch_compile_dcp_kimi_k2_v2_sft/epoch_5/step_final,3,6,FAIL
menil,/mnt/ssd2/shreyansh/models/qwen3/exp_2025-08-08T00:53:20_qwen3_4b_fsdp_packing=ffd_flash_attn_fsdp2_torch_compile_dcp_kimi_k2_v2_sft/epoch_5/step_final,3,6,FAIL
troak,/mnt/ssd2/shreyansh/models/qwen3/exp_2025-08-08T00:53:20_qwen3_4b_fsdp_packing=ffd_flash_attn_fsdp2_torch_compile_dcp_kimi_k2_v2_sft/epoch_5/step_final,2,6,FAIL
daals,/mnt/ssd2/shreyansh/models/qwen3/exp_2025-08-08T00:53:20_qwen3_4b_fsdp_packing=ffd_flash_attn_fsdp2_torch_compile_dcp_kimi_k2_v2_sft/epoch_5/step_final,0,6,FAIL
seron,/mnt/ssd2/shreyansh/models/qwen3/exp_2025-08-08T00:53:20_qwen3_4b_fsdp_packing=ffd_flash_attn_fsdp2_torch_compile_dcp_kimi_k2_v2_sft/epoch_5/step_final,3,6,FAIL
kipsy,/mnt/ssd2/shreyansh/models/qwen3/exp_2025-08-08T00:53:20_qwen3_4b_fsdp_packing=ffd_flash_attn_fsdp2_torch_compile_dcp_kimi_k2_v2_sft/epoch_5/step_final,2,6,FAIL
kynds,/mnt/ssd2/shreyansh/models/qwen3/exp_2025-08-08T00:53:20_qwen3_4b_fsdp_packing=ffd_flash_attn_fsdp2_torch_compile_dcp_kimi_k2_v2_sft/epoch_5/step_final,9,6,FAIL
liens,/mnt/ssd2/shreyansh/models/qwen3/exp_2025-08-08T00:53:20_qwen3_4b_fsdp_packing=ffd_flash_attn_fsdp2_torch_compile_dcp_kimi_k2_v2_sft/epoch_5/step_final,1,4,SUCCESS
smalm,/mnt/ssd2/shreyansh/models/qwen3/exp_2025-08-08T00:53:20_qwen3_4b_fsdp_packing=ffd_flash_attn_fsdp2_torch_compile_dcp_kimi_k2_v2_sft/epoch_5/step_final,0,6,FAIL
avens,/mnt/ssd2/shreyansh/models/qwen3/exp_2025-08-08T00:53:20_qwen3_4b_fsdp_packing=ffd_flash_attn_fsdp2_torch_compile_dcp_kimi_k2_v2_sft/epoch_5/step_final,1,6,FAIL
roose,/mnt/ssd2/shreyansh/models/qwen3/exp_2025-08-08T00:53:20_qwen3_4b_fsdp_packing=ffd_flash_attn_fsdp2_torch_compile_dcp_kimi_k2_v2_sft/epoch_5/step_final,1,6,FAIL
surfy,/mnt/ssd2/shreyansh/models/qwen3/exp_2025-08-08T00:53:20_qwen3_4b_fsdp_packing=ffd_flash_attn_fsdp2_torch_compile_dcp_kimi_k2_v2_sft/epoch_5/step_final,0,3,SUCCESS
floes,/mnt/ssd2/shreyansh/models/qwen3/exp_2025-08-08T00:53:20_qwen3_4b_fsdp_packing=ffd_flash_attn_fsdp2_torch_compile_dcp_kimi_k2_v2_sft/epoch_5/step_final,0,3,SUCCESS
niffy,/mnt/ssd2/shreyansh/models/qwen3/exp_2025-08-08T00:53:20_qwen3_4b_fsdp_packing=ffd_flash_attn_fsdp2_torch_compile_dcp_kimi_k2_v2_sft/epoch_5/step_final,5,6,FAIL
agila,/mnt/ssd2/shreyansh/models/qwen3/exp_2025-08-08T00:53:20_qwen3_4b_fsdp_packing=ffd_flash_attn_fsdp2_torch_compile_dcp_kimi_k2_v2_sft/epoch_5/step_final,5,6,FAIL
falsy,/mnt/ssd2/shreyansh/models/qwen3/exp_2025-08-08T00:53:20_qwen3_4b_fsdp_packing=ffd_flash_attn_fsdp2_torch_compile_dcp_kimi_k2_v2_sft/epoch_5/step_final,0,6,SUCCESS
dovie,/mnt/ssd2/shreyansh/models/qwen3/exp_2025-08-08T00:53:20_qwen3_4b_fsdp_packing=ffd_flash_attn_fsdp2_torch_compile_dcp_kimi_k2_v2_sft/epoch_5/step_final,6,6,FAIL
skeen,/mnt/ssd2/shreyansh/models/qwen3/exp_2025-08-08T00:53:20_qwen3_4b_fsdp_packing=ffd_flash_attn_fsdp2_torch_compile_dcp_kimi_k2_v2_sft/epoch_5/step_final,1,6,FAIL
carby,/mnt/ssd2/shreyansh/models/qwen3/exp_2025-08-08T00:53:20_qwen3_4b_fsdp_packing=ffd_flash_attn_fsdp2_torch_compile_dcp_kimi_k2_v2_sft/epoch_5/step_final,1,6,FAIL
papad,/mnt/ssd2/shreyansh/models/qwen3/exp_2025-08-08T00:53:20_qwen3_4b_fsdp_packing=ffd_flash_attn_fsdp2_torch_compile_dcp_kimi_k2_v2_sft/epoch_5/step_final,7,5,SUCCESS
rioty,/mnt/ssd2/shreyansh/models/qwen3/exp_2025-08-08T00:53:20_qwen3_4b_fsdp_packing=ffd_flash_attn_fsdp2_torch_compile_dcp_kimi_k2_v2_sft/epoch_5/step_final,4,6,FAIL
dongs,/mnt/ssd2/shreyansh/models/qwen3/exp_2025-08-08T00:53:20_qwen3_4b_fsdp_packing=ffd_flash_attn_fsdp2_torch_compile_dcp_kimi_k2_v2_sft/epoch_5/step_final,0,5,SUCCESS
pyins,/mnt/ssd2/shreyansh/models/qwen3/exp_2025-08-08T00:53:20_qwen3_4b_fsdp_packing=ffd_flash_attn_fsdp2_torch_compile_dcp_kimi_k2_v2_sft/epoch_5/step_final,2,6,FAIL
sewin,/mnt/ssd2/shreyansh/models/qwen3/exp_2025-08-08T00:53:20_qwen3_4b_fsdp_packing=ffd_flash_attn_fsdp2_torch_compile_dcp_kimi_k2_v2_sft/epoch_5/step_final,0,6,FAIL
douma,/mnt/ssd2/shreyansh/models/qwen3/exp_2025-08-08T00:53:20_qwen3_4b_fsdp_packing=ffd_flash_attn_fsdp2_torch_compile_dcp_kimi_k2_v2_sft/epoch_5/step_final,1,6,SUCCESS
boult,/mnt/ssd2/shreyansh/models/qwen3/exp_2025-08-08T00:53:20_qwen3_4b_fsdp_packing=ffd_flash_attn_fsdp2_torch_compile_dcp_kimi_k2_v2_sft/epoch_5/step_final,0,5,SUCCESS
slugs,/mnt/ssd2/shreyansh/models/qwen3/exp_2025-08-08T00:53:20_qwen3_4b_fsdp_packing=ffd_flash_attn_fsdp2_torch_compile_dcp_kimi_k2_v2_sft/epoch_5/step_final,2,6,FAIL
trews,/mnt/ssd2/shreyansh/models/qwen3/exp_2025-08-08T00:53:20_qwen3_4b_fsdp_packing=ffd_flash_attn_fsdp2_torch_compile_dcp_kimi_k2_v2_sft/epoch_5/step_final,0,6,FAIL
puuko,/mnt/ssd2/shreyansh/models/qwen3/exp_2025-08-08T00:53:20_qwen3_4b_fsdp_packing=ffd_flash_attn_fsdp2_torch_compile_dcp_kimi_k2_v2_sft/epoch_5/step_final,4,6,FAIL
plein,/mnt/ssd2/shreyansh/models/qwen3/exp_2025-08-08T00:53:20_qwen3_4b_fsdp_packing=ffd_flash_attn_fsdp2_torch_compile_dcp_kimi_k2_v2_sft/epoch_5/step_final,0,5,SUCCESS
neeze,/mnt/ssd2/shreyansh/models/qwen3/exp_2025-08-08T00:53:20_qwen3_4b_fsdp_packing=ffd_flash_attn_fsdp2_torch_compile_dcp_kimi_k2_v2_sft/epoch_5/step_final,8,6,FAIL
pubis,/mnt/ssd2/shreyansh/models/qwen3/exp_2025-08-08T00:53:20_qwen3_4b_fsdp_packing=ffd_flash_attn_fsdp2_torch_compile_dcp_kimi_k2_v2_sft/epoch_5/step_final,1,6,SUCCESS
wauff,/mnt/ssd2/shreyansh/models/qwen3/exp_2025-08-08T00:53:20_qwen3_4b_fsdp_packing=ffd_flash_attn_fsdp2_torch_compile_dcp_kimi_k2_v2_sft/epoch_5/step_final,7,6,FAIL
eyots,/mnt/ssd2/shreyansh/models/qwen3/exp_2025-08-08T00:53:20_qwen3_4b_fsdp_packing=ffd_flash_attn_fsdp2_torch_compile_dcp_kimi_k2_v2_sft/epoch_5/step_final,3,6,FAIL
lammy,/mnt/ssd2/shreyansh/models/qwen3/exp_2025-08-08T00:53:20_qwen3_4b_fsdp_packing=ffd_flash_attn_fsdp2_torch_compile_dcp_kimi_k2_v2_sft/epoch_5/step_final,4,5,SUCCESS
crowl,/mnt/ssd2/shreyansh/models/qwen3/exp_2025-08-08T00:53:20_qwen3_4b_fsdp_packing=ffd_flash_attn_fsdp2_torch_compile_dcp_kimi_k2_v2_sft/epoch_5/step_final,7,6,FAIL
exier,/mnt/ssd2/shreyansh/models/qwen3/exp_2025-08-08T00:53:20_qwen3_4b_fsdp_packing=ffd_flash_attn_fsdp2_torch_compile_dcp_kimi_k2_v2_sft/epoch_5/step_final,0,6,FAIL
phooh,/mnt/ssd2/shreyansh/models/qwen3/exp_2025-08-08T00:53:20_qwen3_4b_fsdp_packing=ffd_flash_attn_fsdp2_torch_compile_dcp_kimi_k2_v2_sft/epoch_5/step_final,9,6,FAIL
zoaea,/mnt/ssd2/shreyansh/models/qwen3/exp_2025-08-08T00:53:20_qwen3_4b_fsdp_packing=ffd_flash_attn_fsdp2_torch_compile_dcp_kimi_k2_v2_sft/epoch_5/step_final,8,6,FAIL
sexts,/mnt/ssd2/shreyansh/models/qwen3/exp_2025-08-08T00:53:20_qwen3_4b_fsdp_packing=ffd_flash_attn_fsdp2_torch_compile_dcp_kimi_k2_v2_sft/epoch_5/step_final,0,6,SUCCESS
domal,/mnt/ssd2/shreyansh/models/qwen3/exp_2025-08-08T00:53:20_qwen3_4b_fsdp_packing=ffd_flash_attn_fsdp2_torch_compile_dcp_kimi_k2_v2_sft/epoch_5/step_final,0,6,FAIL
snowk,/mnt/ssd2/shreyansh/models/qwen3/exp_2025-08-08T00:53:20_qwen3_4b_fsdp_packing=ffd_flash_attn_fsdp2_torch_compile_dcp_kimi_k2_v2_sft/epoch_5/step_final,0,6,FAIL
agogo,/mnt/ssd2/shreyansh/models/qwen3/exp_2025-08-08T00:53:20_qwen3_4b_fsdp_packing=ffd_flash_attn_fsdp2_torch_compile_dcp_kimi_k2_v2_sft/epoch_5/step_final,0,5,SUCCESS
snobs,/mnt/ssd2/shreyansh/models/qwen3/exp_2025-08-08T00:53:20_qwen3_4b_fsdp_packing=ffd_flash_attn_fsdp2_torch_compile_dcp_kimi_k2_v2_sft/epoch_5/step_final,0,6,FAIL
pocky,/mnt/ssd2/shreyansh/models/qwen3/exp_2025-08-08T00:53:20_qwen3_4b_fsdp_packing=ffd_flash_attn_fsdp2_torch_compile_dcp_kimi_k2_v2_sft/epoch_5/step_final,0,4,SUCCESS
bundu,/mnt/ssd2/shreyansh/models/qwen3/exp_2025-08-08T00:53:20_qwen3_4b_fsdp_packing=ffd_flash_attn_fsdp2_torch_compile_dcp_kimi_k2_v2_sft/epoch_5/step_final,8,6,FAIL
paolo,/mnt/ssd2/shreyansh/models/qwen3/exp_2025-08-08T00:53:20_qwen3_4b_fsdp_packing=ffd_flash_attn_fsdp2_torch_compile_dcp_kimi_k2_v2_sft/epoch_5/step_final,8,6,FAIL
gimme,/mnt/ssd2/shreyansh/models/qwen3/exp_2025-08-08T00:53:20_qwen3_4b_fsdp_packing=ffd_flash_attn_fsdp2_torch_compile_dcp_kimi_k2_v2_sft/epoch_5/step_final,3,6,FAIL
leish,/mnt/ssd2/shreyansh/models/qwen3/exp_2025-08-08T00:53:20_qwen3_4b_fsdp_packing=ffd_flash_attn_fsdp2_torch_compile_dcp_kimi_k2_v2_sft/epoch_5/step_final,4,6,FAIL
jubas,/mnt/ssd2/shreyansh/models/qwen3/exp_2025-08-08T00:53:20_qwen3_4b_fsdp_packing=ffd_flash_attn_fsdp2_torch_compile_dcp_kimi_k2_v2_sft/epoch_5/step_final,1,6,SUCCESS
bardo,/mnt/ssd2/shreyansh/models/qwen3/exp_2025-08-08T00:53:20_qwen3_4b_fsdp_packing=ffd_flash_attn_fsdp2_torch_compile_dcp_kimi_k2_v2_sft/epoch_5/step_final,1,5,SUCCESS
woald,/mnt/ssd2/shreyansh/models/qwen3/exp_2025-08-08T00:53:20_qwen3_4b_fsdp_packing=ffd_flash_attn_fsdp2_torch_compile_dcp_kimi_k2_v2_sft/epoch_5/step_final,2,6,FAIL
yucks,/mnt/ssd2/shreyansh/models/qwen3/exp_2025-08-08T00:53:20_qwen3_4b_fsdp_packing=ffd_flash_attn_fsdp2_torch_compile_dcp_kimi_k2_v2_sft/epoch_5/step_final,0,5,SUCCESS
nibby,/mnt/ssd2/shreyansh/models/qwen3/exp_2025-08-08T00:53:20_qwen3_4b_fsdp_packing=ffd_flash_attn_fsdp2_torch_compile_dcp_kimi_k2_v2_sft/epoch_5/step_final,0,4,SUCCESS
drips,/mnt/ssd2/shreyansh/models/qwen3/exp_2025-08-08T00:53:20_qwen3_4b_fsdp_packing=ffd_flash_attn_fsdp2_torch_compile_dcp_kimi_k2_v2_sft/epoch_5/step_final,0,4,SUCCESS
swabs,/mnt/ssd2/shreyansh/models/qwen3/exp_2025-08-08T00:53:20_qwen3_4b_fsdp_packing=ffd_flash_attn_fsdp2_torch_compile_dcp_kimi_k2_v2_sft/epoch_5/step_final,5,6,FAIL
torah,/mnt/ssd2/shreyansh/models/qwen3/exp_2025-08-08T00:53:20_qwen3_4b_fsdp_packing=ffd_flash_attn_fsdp2_torch_compile_dcp_kimi_k2_v2_sft/epoch_5/step_final,0,6,SUCCESS
paved,/mnt/ssd2/shreyansh/models/qwen3/exp_2025-08-08T00:53:20_qwen3_4b_fsdp_packing=ffd_flash_attn_fsdp2_torch_compile_dcp_kimi_k2_v2_sft/epoch_5/step_final,1,6,FAIL
mirls,/mnt/ssd2/shreyansh/models/qwen3/exp_2025-08-08T00:53:20_qwen3_4b_fsdp_packing=ffd_flash_attn_fsdp2_torch_compile_dcp_kimi_k2_v2_sft/epoch_5/step_final,1,6,FAIL
druxy,/mnt/ssd2/shreyansh/models/qwen3/exp_2025-08-08T00:53:20_qwen3_4b_fsdp_packing=ffd_flash_attn_fsdp2_torch_compile_dcp_kimi_k2_v2_sft/epoch_5/step_final,1,6,FAIL
nepit,/mnt/ssd2/shreyansh/models/qwen3/exp_2025-08-08T00:53:20_qwen3_4b_fsdp_packing=ffd_flash_attn_fsdp2_torch_compile_dcp_kimi_k2_v2_sft/epoch_5/step_final,3,6,FAIL
souly,/mnt/ssd2/shreyansh/models/qwen3/exp_2025-08-08T00:53:20_qwen3_4b_fsdp_packing=ffd_flash_attn_fsdp2_torch_compile_dcp_kimi_k2_v2_sft/epoch_5/step_final,0,4,SUCCESS
salop,/mnt/ssd2/shreyansh/models/qwen3/exp_2025-08-08T00:53:20_qwen3_4b_fsdp_packing=ffd_flash_attn_fsdp2_torch_compile_dcp_kimi_k2_v2_sft/epoch_5/step_final,6,6,FAIL
thots,/mnt/ssd2/shreyansh/models/qwen3/exp_2025-08-08T00:53:20_qwen3_4b_fsdp_packing=ffd_flash_attn_fsdp2_torch_compile_dcp_kimi_k2_v2_sft/epoch_5/step_final,2,6,FAIL
cohab,/mnt/ssd2/shreyansh/models/qwen3/exp_2025-08-08T00:53:20_qwen3_4b_fsdp_packing=ffd_flash_attn_fsdp2_torch_compile_dcp_kimi_k2_v2_sft/epoch_5/step_final,0,4,SUCCESS
oarer,/mnt/ssd2/shreyansh/models/qwen3/exp_2025-08-08T00:53:20_qwen3_4b_fsdp_packing=ffd_flash_attn_fsdp2_torch_compile_dcp_kimi_k2_v2_sft/epoch_5/step_final,0,6,FAIL
mawed,/mnt/ssd2/shreyansh/models/qwen3/exp_2025-08-08T00:53:20_qwen3_4b_fsdp_packing=ffd_flash_attn_fsdp2_torch_compile_dcp_kimi_k2_v2_sft/epoch_5/step_final,0,6,FAIL
wytes,/mnt/ssd2/shreyansh/models/qwen3/exp_2025-08-08T00:53:20_qwen3_4b_fsdp_packing=ffd_flash_attn_fsdp2_torch_compile_dcp_kimi_k2_v2_sft/epoch_5/step_final,3,6,FAIL
poste,/mnt/ssd2/shreyansh/models/qwen3/exp_2025-08-08T00:53:20_qwen3_4b_fsdp_packing=ffd_flash_attn_fsdp2_torch_compile_dcp_kimi_k2_v2_sft/epoch_5/step_final,3,6,FAIL
bowie,/mnt/ssd2/shreyansh/models/qwen3/exp_2025-08-08T00:53:20_qwen3_4b_fsdp_packing=ffd_flash_attn_fsdp2_torch_compile_dcp_kimi_k2_v2_sft/epoch_5/step_final,0,6,FAIL
hikes,/mnt/ssd2/shreyansh/models/qwen3/exp_2025-08-08T00:53:20_qwen3_4b_fsdp_packing=ffd_flash_attn_fsdp2_torch_compile_dcp_kimi_k2_v2_sft/epoch_5/step_final,0,6,SUCCESS
afore,/mnt/ssd2/shreyansh/models/qwen3/exp_2025-08-08T00:53:20_qwen3_4b_fsdp_packing=ffd_flash_attn_fsdp2_torch_compile_dcp_kimi_k2_v2_sft/epoch_5/step_final,0,3,SUCCESS
nokes,/mnt/ssd2/shreyansh/models/qwen3/exp_2025-08-08T00:53:20_qwen3_4b_fsdp_packing=ffd_flash_attn_fsdp2_torch_compile_dcp_kimi_k2_v2_sft/epoch_5/step_final,1,6,FAIL
tarka,/mnt/ssd2/shreyansh/models/qwen3/exp_2025-08-08T00:53:20_qwen3_4b_fsdp_packing=ffd_flash_attn_fsdp2_torch_compile_dcp_kimi_k2_v2_sft/epoch_5/step_final,0,6,FAIL
mangi,/mnt/ssd2/shreyansh/models/qwen3/exp_2025-08-08T00:53:20_qwen3_4b_fsdp_packing=ffd_flash_attn_fsdp2_torch_compile_dcp_kimi_k2_v2_sft/epoch_5/step_final,0,6,FAIL
serry,/mnt/ssd2/shreyansh/models/qwen3/exp_2025-08-08T00:53:20_qwen3_4b_fsdp_packing=ffd_flash_attn_fsdp2_torch_compile_dcp_kimi_k2_v2_sft/epoch_5/step_final,1,6,FAIL
ricks,/mnt/ssd2/shreyansh/models/qwen3/exp_2025-08-08T00:53:20_qwen3_4b_fsdp_packing=ffd_flash_attn_fsdp2_torch_compile_dcp_kimi_k2_v2_sft/epoch_5/step_final,0,4,SUCCESS
burbs,/mnt/ssd2/shreyansh/models/qwen3/exp_2025-08-08T00:53:20_qwen3_4b_fsdp_packing=ffd_flash_attn_fsdp2_torch_compile_dcp_kimi_k2_v2_sft/epoch_5/step_final,1,6,FAIL
namad,/mnt/ssd2/shreyansh/models/qwen3/exp_2025-08-08T00:53:20_qwen3_4b_fsdp_packing=ffd_flash_attn_fsdp2_torch_compile_dcp_kimi_k2_v2_sft/epoch_5/step_final,5,6,FAIL
orate,/mnt/ssd2/shreyansh/models/qwen3/exp_2025-08-08T00:53:20_qwen3_4b_fsdp_packing=ffd_flash_attn_fsdp2_torch_compile_dcp_kimi_k2_v2_sft/epoch_5/step_final,1,4,SUCCESS
rines,/mnt/ssd2/shreyansh/models/qwen3/exp_2025-08-08T00:53:20_qwen3_4b_fsdp_packing=ffd_flash_attn_fsdp2_torch_compile_dcp_kimi_k2_v2_sft/epoch_5/step_final,0,6,FAIL
oinks,/mnt/ssd2/shreyansh/models/qwen3/exp_2025-08-08T00:53:20_qwen3_4b_fsdp_packing=ffd_flash_attn_fsdp2_torch_compile_dcp_kimi_k2_v2_sft/epoch_5/step_final,0,6,SUCCESS
hosen,/mnt/ssd2/shreyansh/models/qwen3/exp_2025-08-08T00:53:20_qwen3_4b_fsdp_packing=ffd_flash_attn_fsdp2_torch_compile_dcp_kimi_k2_v2_sft/epoch_5/step_final,0,6,FAIL
samfi,/mnt/ssd2/shreyansh/models/qwen3/exp_2025-08-08T00:53:20_qwen3_4b_fsdp_packing=ffd_flash_attn_fsdp2_torch_compile_dcp_kimi_k2_v2_sft/epoch_5/step_final,2,6,FAIL
wojus,/mnt/ssd2/shreyansh/models/qwen3/exp_2025-08-08T00:53:20_qwen3_4b_fsdp_packing=ffd_flash_attn_fsdp2_torch_compile_dcp_kimi_k2_v2_sft/epoch_5/step_final,1,6,FAIL
aurum,/mnt/ssd2/shreyansh/models/qwen3/exp_2025-08-08T00:53:20_qwen3_4b_fsdp_packing=ffd_flash_attn_fsdp2_torch_compile_dcp_kimi_k2_v2_sft/epoch_5/step_final,7,6,FAIL
rodes,/mnt/ssd2/shreyansh/models/qwen3/exp_2025-08-08T00:53:20_qwen3_4b_fsdp_packing=ffd_flash_attn_fsdp2_torch_compile_dcp_kimi_k2_v2_sft/epoch_5/step_final,0,6,FAIL
kingy,/mnt/ssd2/shreyansh/models/qwen3/exp_2025-08-08T00:53:20_qwen3_4b_fsdp_packing=ffd_flash_attn_fsdp2_torch_compile_dcp_kimi_k2_v2_sft/epoch_5/step_final,0,6,FAIL
olent,/mnt/ssd2/shreyansh/models/qwen3/exp_2025-08-08T00:53:20_qwen3_4b_fsdp_packing=ffd_flash_attn_fsdp2_torch_compile_dcp_kimi_k2_v2_sft/epoch_5/step_final,1,6,FAIL
acids,/mnt/ssd2/shreyansh/models/qwen3/exp_2025-08-08T00:53:20_qwen3_4b_fsdp_packing=ffd_flash_attn_fsdp2_torch_compile_dcp_kimi_k2_v2_sft/epoch_5/step_final,3,6,FAIL
agmas,/mnt/ssd2/shreyansh/models/qwen3/exp_2025-08-08T00:53:20_qwen3_4b_fsdp_packing=ffd_flash_attn_fsdp2_torch_compile_dcp_kimi_k2_v2_sft/epoch_5/step_final,6,6,FAIL
vacay,/mnt/ssd2/shreyansh/models/qwen3/exp_2025-08-08T00:53:20_qwen3_4b_fsdp_packing=ffd_flash_attn_fsdp2_torch_compile_dcp_kimi_k2_v2_sft/epoch_5/step_final,0,4,SUCCESS
jaaps,/mnt/ssd2/shreyansh/models/qwen3/exp_2025-08-08T00:53:20_qwen3_4b_fsdp_packing=ffd_flash_attn_fsdp2_torch_compile_dcp_kimi_k2_v2_sft/epoch_5/step_final,4,6,FAIL
blook,/mnt/ssd2/shreyansh/models/qwen3/exp_2025-08-08T00:53:20_qwen3_4b_fsdp_packing=ffd_flash_attn_fsdp2_torch_compile_dcp_kimi_k2_v2_sft/epoch_5/step_final,1,6,FAIL
phuts,/mnt/ssd2/shreyansh/models/qwen3/exp_2025-08-08T00:53:20_qwen3_4b_fsdp_packing=ffd_flash_attn_fsdp2_torch_compile_dcp_kimi_k2_v2_sft/epoch_5/step_final,3,6,FAIL
gouks,/mnt/ssd2/shreyansh/models/qwen3/exp_2025-08-08T00:53:20_qwen3_4b_fsdp_packing=ffd_flash_attn_fsdp2_torch_compile_dcp_kimi_k2_v2_sft/epoch_5/step_final,0,6,FAIL
means,/mnt/ssd2/shreyansh/models/qwen3/exp_2025-08-08T00:53:20_qwen3_4b_fsdp_packing=ffd_flash_attn_fsdp2_torch_compile_dcp_kimi_k2_v2_sft/epoch_5/step_final,2,4,SUCCESS
risks,/mnt/ssd2/shreyansh/models/qwen3/exp_2025-08-08T00:53:20_qwen3_4b_fsdp_packing=ffd_flash_attn_fsdp2_torch_compile_dcp_kimi_k2_v2_sft/epoch_5/step_final,0,3,SUCCESS
saree,/mnt/ssd2/shreyansh/models/qwen3/exp_2025-08-08T00:53:20_qwen3_4b_fsdp_packing=ffd_flash_attn_fsdp2_torch_compile_dcp_kimi_k2_v2_sft/epoch_5/step_final,0,6,FAIL
gutta,/mnt/ssd2/shreyansh/models/qwen3/exp_2025-08-08T00:53:20_qwen3_4b_fsdp_packing=ffd_flash_attn_fsdp2_torch_compile_dcp_kimi_k2_v2_sft/epoch_5/step_final,3,6,FAIL
smogs,/mnt/ssd2/shreyansh/models/qwen3/exp_2025-08-08T00:53:20_qwen3_4b_fsdp_packing=ffd_flash_attn_fsdp2_torch_compile_dcp_kimi_k2_v2_sft/epoch_5/step_final,0,6,SUCCESS
oupas,/mnt/ssd2/shreyansh/models/qwen3/exp_2025-08-08T00:53:20_qwen3_4b_fsdp_packing=ffd_flash_attn_fsdp2_torch_compile_dcp_kimi_k2_v2_sft/epoch_5/step_final,5,6,FAIL
agros,/mnt/ssd2/shreyansh/models/qwen3/exp_2025-08-08T00:53:20_qwen3_4b_fsdp_packing=ffd_flash_attn_fsdp2_torch_compile_dcp_kimi_k2_v2_sft/epoch_5/step_final,0,4,SUCCESS
mimes,/mnt/ssd2/shreyansh/models/qwen3/exp_2025-08-08T00:53:20_qwen3_4b_fsdp_packing=ffd_flash_attn_fsdp2_torch_compile_dcp_kimi_k2_v2_sft/epoch_5/step_final,4,6,FAIL
saick,/mnt/ssd2/shreyansh/models/qwen3/exp_2025-08-08T00:53:20_qwen3_4b_fsdp_packing=ffd_flash_attn_fsdp2_torch_compile_dcp_kimi_k2_v2_sft/epoch_5/step_final,5,6,FAIL
jagas,/mnt/ssd2/shreyansh/models/qwen3/exp_2025-08-08T00:53:20_qwen3_4b_fsdp_packing=ffd_flash_attn_fsdp2_torch_compile_dcp_kimi_k2_v2_sft/epoch_5/step_final,1,6,FAIL
sitar,/mnt/ssd2/shreyansh/models/qwen3/exp_2025-08-08T00:53:20_qwen3_4b_fsdp_packing=ffd_flash_attn_fsdp2_torch_compile_dcp_kimi_k2_v2_sft/epoch_5/step_final,0,5,SUCCESS
razoo,/mnt/ssd2/shreyansh/models/qwen3/exp_2025-08-08T00:53:20_qwen3_4b_fsdp_packing=ffd_flash_attn_fsdp2_torch_compile_dcp_kimi_k2_v2_sft/epoch_5/step_final,4,6,FAIL
mucid,/mnt/ssd2/shreyansh/models/qwen3/exp_2025-08-08T00:53:20_qwen3_4b_fsdp_packing=ffd_flash_attn_fsdp2_torch_compile_dcp_kimi_k2_v2_sft/epoch_5/step_final,0,5,SUCCESS
andro,/mnt/ssd2/shreyansh/models/qwen3/exp_2025-08-08T00:53:20_qwen3_4b_fsdp_packing=ffd_flash_attn_fsdp2_torch_compile_dcp_kimi_k2_v2_sft/epoch_5/step_final,2,3,SUCCESS
helve,/mnt/ssd2/shreyansh/models/qwen3/exp_2025-08-08T00:53:20_qwen3_4b_fsdp_packing=ffd_flash_attn_fsdp2_torch_compile_dcp_kimi_k2_v2_sft/epoch_5/step_final,1,6,FAIL
porte,/mnt/ssd2/shreyansh/models/qwen3/exp_2025-08-08T00:53:20_qwen3_4b_fsdp_packing=ffd_flash_attn_fsdp2_torch_compile_dcp_kimi_k2_v2_sft/epoch_5/step_final,0,6,FAIL
panko,/mnt/ssd2/shreyansh/models/qwen3/exp_2025-08-08T00:53:20_qwen3_4b_fsdp_packing=ffd_flash_attn_fsdp2_torch_compile_dcp_kimi_k2_v2_sft/epoch_5/step_final,2,6,FAIL
obias,/mnt/ssd2/shreyansh/models/qwen3/exp_2025-08-08T00:53:20_qwen3_4b_fsdp_packing=ffd_flash_attn_fsdp2_torch_compile_dcp_kimi_k2_v2_sft/epoch_5/step_final,0,6,FAIL
cills,/mnt/ssd2/shreyansh/models/qwen3/exp_2025-08-08T00:53:20_qwen3_4b_fsdp_packing=ffd_flash_attn_fsdp2_torch_compile_dcp_kimi_k2_v2_sft/epoch_5/step_final,3,6,FAIL
peart,/mnt/ssd2/shreyansh/models/qwen3/exp_2025-08-08T00:53:20_qwen3_4b_fsdp_packing=ffd_flash_attn_fsdp2_torch_compile_dcp_kimi_k2_v2_sft/epoch_5/step_final,0,5,SUCCESS
pyuff,/mnt/ssd2/shreyansh/models/qwen3/exp_2025-08-08T00:53:20_qwen3_4b_fsdp_packing=ffd_flash_attn_fsdp2_torch_compile_dcp_kimi_k2_v2_sft/epoch_5/step_final,6,6,FAIL
senor,/mnt/ssd2/shreyansh/models/qwen3/exp_2025-08-08T00:53:20_qwen3_4b_fsdp_packing=ffd_flash_attn_fsdp2_torch_compile_dcp_kimi_k2_v2_sft/epoch_5/step_final,4,6,FAIL
oxims,/mnt/ssd2/shreyansh/models/qwen3/exp_2025-08-08T00:53:20_qwen3_4b_fsdp_packing=ffd_flash_attn_fsdp2_torch_compile_dcp_kimi_k2_v2_sft/epoch_5/step_final,9,6,FAIL
huzzy,/mnt/ssd2/shreyansh/models/qwen3/exp_2025-08-08T00:53:20_qwen3_4b_fsdp_packing=ffd_flash_attn_fsdp2_torch_compile_dcp_kimi_k2_v2_sft/epoch_5/step_final,0,6,SUCCESS
renks,/mnt/ssd2/shreyansh/models/qwen3/exp_2025-08-08T00:53:20_qwen3_4b_fsdp_packing=ffd_flash_attn_fsdp2_torch_compile_dcp_kimi_k2_v2_sft/epoch_5/step_final,0,6,FAIL
trows,/mnt/ssd2/shreyansh/models/qwen3/exp_2025-08-08T00:53:20_qwen3_4b_fsdp_packing=ffd_flash_attn_fsdp2_torch_compile_dcp_kimi_k2_v2_sft/epoch_5/step_final,0,6,FAIL
repas,/mnt/ssd2/shreyansh/models/qwen3/exp_2025-08-08T00:53:20_qwen3_4b_fsdp_packing=ffd_flash_attn_fsdp2_torch_compile_dcp_kimi_k2_v2_sft/epoch_5/step_final,1,5,SUCCESS
cones,/mnt/ssd2/shreyansh/models/qwen3/exp_2025-08-08T00:53:20_qwen3_4b_fsdp_packing=ffd_flash_attn_fsdp2_torch_compile_dcp_kimi_k2_v2_sft/epoch_5/step_final,0,3,SUCCESS
fowth,/mnt/ssd2/shreyansh/models/qwen3/exp_2025-08-08T00:53:20_qwen3_4b_fsdp_packing=ffd_flash_attn_fsdp2_torch_compile_dcp_kimi_k2_v2_sft/epoch_5/step_final,6,6,FAIL
crore,/mnt/ssd2/shreyansh/models/qwen3/exp_2025-08-08T00:53:20_qwen3_4b_fsdp_packing=ffd_flash_attn_fsdp2_torch_compile_dcp_kimi_k2_v2_sft/epoch_5/step_final,3,6,FAIL
minse,/mnt/ssd2/shreyansh/models/qwen3/exp_2025-08-08T00:53:20_qwen3_4b_fsdp_packing=ffd_flash_attn_fsdp2_torch_compile_dcp_kimi_k2_v2_sft/epoch_5/step_final,3,6,FAIL
choli,/mnt/ssd2/shreyansh/models/qwen3/exp_2025-08-08T00:53:20_qwen3_4b_fsdp_packing=ffd_flash_attn_fsdp2_torch_compile_dcp_kimi_k2_v2_sft/epoch_5/step_final,1,5,SUCCESS
breer,/mnt/ssd2/shreyansh/models/qwen3/exp_2025-08-08T00:53:20_qwen3_4b_fsdp_packing=ffd_flash_attn_fsdp2_torch_compile_dcp_kimi_k2_v2_sft/epoch_5/step_final,0,6,FAIL
poofs,/mnt/ssd2/shreyansh/models/qwen3/exp_2025-08-08T00:53:20_qwen3_4b_fsdp_packing=ffd_flash_attn_fsdp2_torch_compile_dcp_kimi_k2_v2_sft/epoch_5/step_final,2,6,FAIL
popsy,/mnt/ssd2/shreyansh/models/qwen3/exp_2025-08-08T00:53:20_qwen3_4b_fsdp_packing=ffd_flash_attn_fsdp2_torch_compile_dcp_kimi_k2_v2_sft/epoch_5/step_final,1,6,FAIL
jobes,/mnt/ssd2/shreyansh/models/qwen3/exp_2025-08-08T00:53:20_qwen3_4b_fsdp_packing=ffd_flash_attn_fsdp2_torch_compile_dcp_kimi_k2_v2_sft/epoch_5/step_final,0,6,FAIL
axing,/mnt/ssd2/shreyansh/models/qwen3/exp_2025-08-08T00:53:20_qwen3_4b_fsdp_packing=ffd_flash_attn_fsdp2_torch_compile_dcp_kimi_k2_v2_sft/epoch_5/step_final,2,6,FAIL
rared,/mnt/ssd2/shreyansh/models/qwen3/exp_2025-08-08T00:53:20_qwen3_4b_fsdp_packing=ffd_flash_attn_fsdp2_torch_compile_dcp_kimi_k2_v2_sft/epoch_5/step_final,0,6,FAIL
muils,/mnt/ssd2/shreyansh/models/qwen3/exp_2025-08-08T00:53:20_qwen3_4b_fsdp_packing=ffd_flash_attn_fsdp2_torch_compile_dcp_kimi_k2_v2_sft/epoch_5/step_final,4,6,FAIL
morna,/mnt/ssd2/shreyansh/models/qwen3/exp_2025-08-08T00:53:20_qwen3_4b_fsdp_packing=ffd_flash_attn_fsdp2_torch_compile_dcp_kimi_k2_v2_sft/epoch_5/step_final,1,4,SUCCESS
daker,/mnt/ssd2/shreyansh/models/qwen3/exp_2025-08-08T00:53:20_qwen3_4b_fsdp_packing=ffd_flash_attn_fsdp2_torch_compile_dcp_kimi_k2_v2_sft/epoch_5/step_final,7,6,FAIL
totes,/mnt/ssd2/shreyansh/models/qwen3/exp_2025-08-08T00:53:20_qwen3_4b_fsdp_packing=ffd_flash_attn_fsdp2_torch_compile_dcp_kimi_k2_v2_sft/epoch_5/step_final,1,6,FAIL
barby,/mnt/ssd2/shreyansh/models/qwen3/exp_2025-08-08T00:53:20_qwen3_4b_fsdp_packing=ffd_flash_attn_fsdp2_torch_compile_dcp_kimi_k2_v2_sft/epoch_5/step_final,0,6,FAIL
tufts,/mnt/ssd2/shreyansh/models/qwen3/exp_2025-08-08T00:53:20_qwen3_4b_fsdp_packing=ffd_flash_attn_fsdp2_torch_compile_dcp_kimi_k2_v2_sft/epoch_5/step_final,0,6,FAIL
pulps,/mnt/ssd2/shreyansh/models/qwen3/exp_2025-08-08T00:53:20_qwen3_4b_fsdp_packing=ffd_flash_attn_fsdp2_torch_compile_dcp_kimi_k2_v2_sft/epoch_5/step_final,0,6,FAIL
yaups,/mnt/ssd2/shreyansh/models/qwen3/exp_2025-08-08T00:53:20_qwen3_4b_fsdp_packing=ffd_flash_attn_fsdp2_torch_compile_dcp_kimi_k2_v2_sft/epoch_5/step_final,5,6,FAIL
segol,/mnt/ssd2/shreyansh/models/qwen3/exp_2025-08-08T00:53:20_qwen3_4b_fsdp_packing=ffd_flash_attn_fsdp2_torch_compile_dcp_kimi_k2_v2_sft/epoch_5/step_final,1,6,FAIL
poney,/mnt/ssd2/shreyansh/models/qwen3/exp_2025-08-08T00:53:20_qwen3_4b_fsdp_packing=ffd_flash_attn_fsdp2_torch_compile_dcp_kimi_k2_v2_sft/epoch_5/step_final,0,5,SUCCESS
mingi,/mnt/ssd2/shreyansh/models/qwen3/exp_2025-08-08T00:53:20_qwen3_4b_fsdp_packing=ffd_flash_attn_fsdp2_torch_compile_dcp_kimi_k2_v2_sft/epoch_5/step_final,1,6,FAIL
laika,/mnt/ssd2/shreyansh/models/qwen3/exp_2025-08-08T00:53:20_qwen3_4b_fsdp_packing=ffd_flash_attn_fsdp2_torch_compile_dcp_kimi_k2_v2_sft/epoch_5/step_final,0,4,SUCCESS
spail,/mnt/ssd2/shreyansh/models/qwen3/exp_2025-08-08T00:53:20_qwen3_4b_fsdp_packing=ffd_flash_attn_fsdp2_torch_compile_dcp_kimi_k2_v2_sft/epoch_5/step_final,1,6,FAIL
chefs,/mnt/ssd2/shreyansh/models/qwen3/exp_2025-08-08T00:53:20_qwen3_4b_fsdp_packing=ffd_flash_attn_fsdp2_torch_compile_dcp_kimi_k2_v2_sft/epoch_5/step_final,0,4,SUCCESS
jehus,/mnt/ssd2/shreyansh/models/qwen3/exp_2025-08-08T00:53:20_qwen3_4b_fsdp_packing=ffd_flash_attn_fsdp2_torch_compile_dcp_kimi_k2_v2_sft/epoch_5/step_final,1,6,FAIL
soily,/mnt/ssd2/shreyansh/models/qwen3/exp_2025-08-08T00:53:20_qwen3_4b_fsdp_packing=ffd_flash_attn_fsdp2_torch_compile_dcp_kimi_k2_v2_sft/epoch_5/step_final,0,3,SUCCESS
cusum,/mnt/ssd2/shreyansh/models/qwen3/exp_2025-08-08T00:53:20_qwen3_4b_fsdp_packing=ffd_flash_attn_fsdp2_torch_compile_dcp_kimi_k2_v2_sft/epoch_5/step_final,3,6,SUCCESS
salas,/mnt/ssd2/shreyansh/models/qwen3/exp_2025-08-08T00:53:20_qwen3_4b_fsdp_packing=ffd_flash_attn_fsdp2_torch_compile_dcp_kimi_k2_v2_sft/epoch_5/step_final,0,6,FAIL
assai,/mnt/ssd2/shreyansh/models/qwen3/exp_2025-08-08T00:53:20_qwen3_4b_fsdp_packing=ffd_flash_attn_fsdp2_torch_compile_dcp_kimi_k2_v2_sft/epoch_5/step_final,7,6,FAIL
osars,/mnt/ssd2/shreyansh/models/qwen3/exp_2025-08-08T00:53:20_qwen3_4b_fsdp_packing=ffd_flash_attn_fsdp2_torch_compile_dcp_kimi_k2_v2_sft/epoch_5/step_final,0,6,FAIL
quaky,/mnt/ssd2/shreyansh/models/qwen3/exp_2025-08-08T00:53:20_qwen3_4b_fsdp_packing=ffd_flash_attn_fsdp2_torch_compile_dcp_kimi_k2_v2_sft/epoch_5/step_final,1,5,SUCCESS
thoro,/mnt/ssd2/shreyansh/models/qwen3/exp_2025-08-08T00:53:20_qwen3_4b_fsdp_packing=ffd_flash_attn_fsdp2_torch_compile_dcp_kimi_k2_v2_sft/epoch_5/step_final,5,6,FAIL
